{"cpu_mean": 37.458550931591375, "cpu_std": 31.626873411390008, "lat_mean": 1.205919730157353, "lat_std": 1.872663046531698}